City,Cloudiness,Country,Date,Humidity,Latitude,Longitude,Max Temp,Wind Speed
Makakilo City,90,US,1584178201,93,21.35,-158.09,73.4,5.82
Camacha,75,PT,1584178201,63,33.08,-16.33,60.8,14.99
Nikolskoye,20,RU,1584178201,46,59.7,30.79,28.4,20.13
Rikitea,30,PF,1584178201,71,-23.12,-134.97,77.77,9.86
Ribeira Grande,40,PT,1584178201,82,38.52,-28.7,59.0,2.24
Ushuaia,75,AR,1584178010,66,-54.8,-68.3,50.0,4.7
Albany,20,US,1584178141,44,42.6,-73.97,39.2,20.8
Barrow,90,US,1584178202,85,71.29,-156.79,24.8,24.16
Butaritari,100,KI,1584178202,68,3.07,172.79,84.09,4.54
Vaini,90,TO,1584178203,88,-21.2,-175.2,78.8,11.41
New Norfolk,75,AU,1584178203,58,-42.78,147.06,57.2,12.75
Busselton,100,AU,1584178203,90,-33.65,115.33,68.54,12.37
Geraldton,40,AU,1584178203,51,-28.77,114.6,84.2,11.41
Hermanus,0,ZA,1584178203,67,-34.42,19.23,75.0,5.01
Aklavik,90,CA,1584178204,62,68.22,-135.01,21.2,4.7
Bluff,92,NZ,1584178204,80,-46.6,168.33,59.0,4.0
Cherskiy,100,RU,1584178204,86,68.75,161.3,-15.2,8.84
Punta Arenas,100,CL,1584178204,71,-53.15,-70.92,51.8,16.11
Isangel,90,VU,1584178204,88,-19.55,169.27,78.8,14.61
Tautira,20,PF,1584178204,78,-17.73,-149.15,82.4,2.24
Bathsheba,75,BB,1584178204,88,13.22,-59.52,75.2,21.92
Kavaratti,57,IN,1584178204,71,10.57,72.64,82.31,12.5
Puerto Ayora,14,EC,1584178205,90,-0.74,-90.35,75.0,1.01
Saskylakh,100,RU,1584178205,88,71.92,114.08,-6.52,26.37
Mount Gambier,90,AU,1584178205,62,-37.83,140.77,57.2,13.87
Atuona,15,PF,1584178205,73,-9.8,-139.03,81.59,10.67
Katsuura,75,JP,1584178205,93,35.13,140.3,37.4,17.22
Carnarvon,0,AU,1584178205,69,-24.87,113.63,82.4,16.11
Chokurdakh,98,RU,1584178205,97,70.63,147.92,-17.99,7.58
Eten,40,PE,1584178205,83,-6.91,-79.86,73.4,13.87
Mount Isa,0,AU,1584178205,23,-20.73,139.5,87.8,9.17
La Asuncion,9,VE,1584178206,88,11.03,-63.86,77.0,8.05
Alma,90,CA,1584178046,86,48.55,-71.65,30.0,27.51
Eyl,65,SO,1584178206,79,7.98,49.82,80.29,16.58
Jinchang,0,CN,1584178206,20,38.5,102.17,42.3,10.38
Iqaluit,5,CA,1584178206,66,63.75,-68.51,-29.0,11.41
Asău,20,RO,1584178206,43,46.43,26.4,55.4,5.82
Bouna,0,CI,1584178206,58,9.27,-3.0,85.78,8.59
Boyabat,40,TR,1584178206,76,41.47,34.77,53.6,17.22
Chui,2,UY,1584178206,88,-33.7,-53.46,70.12,9.28
Morón,75,AR,1584178207,78,-34.65,-58.62,79.0,4.7
Sayyan,63,YE,1584178207,20,15.17,44.32,77.99,7.94
Mufumbwe,97,ZM,1584178207,73,-13.68,24.8,75.15,7.78
Cape Town,75,ZA,1584178114,68,-33.93,18.42,75.0,9.17
São Félix do Xingu,100,BR,1584178207,98,-6.64,-51.99,72.1,0.45
Timizart,98,DZ,1584178208,82,36.8,4.27,60.31,6.15
San Fernando,40,PH,1584178208,52,15.03,120.69,91.4,9.17
Saint-Philippe,90,RE,1584178208,74,-21.36,55.77,82.4,25.28
Mehamn,100,NO,1584178209,76,71.04,27.85,18.23,19.48
Bethel,1,US,1584178209,48,41.37,-73.41,45.0,8.05
Constitución,53,CL,1584178210,75,-35.33,-72.42,55.27,5.26
Namtsy,100,RU,1584178210,70,62.72,129.67,1.4,6.71
Husavik,75,IS,1584178210,73,66.04,-17.34,24.8,8.05
Vallenar,100,CL,1584178210,87,-28.57,-70.76,57.96,0.85
Port Alfred,15,ZA,1584178210,87,-33.59,26.89,72.0,3.0
Merke,81,KZ,1584178211,25,42.87,73.18,61.56,7.87
Ponta do Sol,75,PT,1584178211,63,32.67,-17.1,60.8,8.05
Loíza,40,PR,1584178211,94,18.43,-65.88,73.99,4.7
Arzgir,100,RU,1584178197,40,45.37,44.22,64.35,7.4
Nuuk,100,GL,1584178211,71,64.18,-51.72,8.6,5.82
Xapuri,94,BR,1584178211,97,-10.65,-68.5,72.66,0.78
Upernavik,100,GL,1584178211,97,72.79,-56.15,-11.27,5.64
Kruisfontein,17,ZA,1584178211,63,-34.0,24.73,74.79,8.3
Severo-Kuril'sk,86,RU,1584178211,87,50.68,156.12,15.75,16.06
Nizhnyaya Omka,100,RU,1584178211,100,55.43,74.94,34.47,17.94
Avarua,0,CK,1584178212,100,-21.21,-159.78,75.2,1.12
Jalu,32,LY,1584178212,43,29.03,21.55,67.51,9.26
Tiksi,0,RU,1584178212,73,71.69,128.87,-20.49,5.84
Honningsvåg,100,NO,1584178212,67,70.98,25.97,22.35,20.96
Qaanaaq,0,GL,1584178212,59,77.48,-69.36,-21.01,7.02
Mataura,80,NZ,1584178212,81,-46.19,168.86,57.99,4.0
Dikson,100,RU,1584178212,94,73.51,80.55,7.68,21.54
Berdigestyakh,100,RU,1584178212,94,62.1,126.7,-6.0,5.41
Arcos de la Frontera,40,ES,1584178212,100,36.75,-5.81,60.8,3.36
Vila do Maio,100,CV,1584178213,24,15.13,-23.22,78.8,11.41
Ola,100,RU,1584178213,89,59.58,151.28,11.23,12.95
Morogoro,40,TZ,1584178213,74,-6.82,37.67,86.0,3.47
Karratha,0,AU,1584178213,76,-20.74,116.85,83.41,15.64
Hithadhoo,4,MV,1584178213,55,-0.6,73.08,83.88,3.78
Sitka,40,US,1584178213,74,57.05,-135.33,28.4,4.7
Saint Paul Harbor,1,US,1584178213,79,57.79,-152.41,21.2,5.82
Mar del Plata,90,AR,1584178213,100,-38.0,-57.56,66.2,11.41
East London,18,ZA,1584178213,61,-33.02,27.91,78.8,14.99
Arraial do Cabo,40,BR,1584178214,94,-22.97,-42.03,77.0,4.7
Broome,1,US,1584178214,78,42.25,-75.83,35.01,9.17
Dakar,0,SN,1584177929,88,14.69,-17.44,75.2,6.93
Ndago,88,TZ,1584178214,77,-4.6,34.35,73.99,3.51
Nome,100,US,1584178214,98,64.5,-165.41,31.64,12.21
Tura,100,IN,1584178214,36,25.52,90.22,85.24,14.74
Clyde River,1,CA,1584178214,68,70.47,-68.59,-20.2,14.99
Thompson,5,CA,1584178214,69,55.74,-97.86,-11.2,4.7
Esperance,40,AU,1584178214,64,-33.87,121.9,71.6,13.87
Nanortalik,95,GL,1584178215,74,60.14,-45.24,18.34,7.63
Salalah,75,OM,1584178215,54,17.02,54.09,78.8,8.05
Pingliang,37,CN,1584178215,22,35.54,106.69,48.4,8.16
Castro,1,BR,1584177992,98,-24.79,-50.01,53.6,2.89
Banda Aceh,0,ID,1584178215,57,5.56,95.32,88.39,8.16
Broken Hill,0,AU,1584178215,22,-31.95,141.43,68.0,18.34
Tolbazy,75,RU,1584178215,65,54.02,55.88,41.0,11.18
San Patricio,9,MX,1584178215,86,19.22,-104.7,74.84,7.16
São Filipe,100,CV,1584178216,58,14.9,-24.5,74.91,12.15
Hilo,75,US,1584178217,83,19.73,-155.09,71.6,2.59
Andenes,100,NO,1584178217,79,69.31,16.12,28.99,8.05
Hasaki,75,JP,1584178217,93,35.73,140.83,39.2,17.22
Port Lincoln,0,AU,1584178217,63,-34.73,135.87,61.18,18.34
Norman Wells,75,CA,1584178217,84,65.28,-126.83,-2.2,2.24
Owando,18,CG,1584178217,50,-0.48,15.9,89.22,2.8
North Bend,90,US,1584178217,93,43.41,-124.22,41.0,5.03
Pisco,90,PE,1584178217,83,-13.7,-76.22,72.0,2.33
Kandrian,100,PG,1584178217,84,-6.22,149.55,78.82,11.3
San Quintín,10,MX,1584178217,84,30.48,-115.95,58.08,1.36
Grand Forks,1,US,1584178218,84,47.93,-97.03,10.4,6.93
Likasi,100,CD,1584178218,96,-10.98,26.73,68.41,1.45
Ilulissat,100,GL,1584178218,84,69.22,-51.1,3.2,13.87
Bereda,90,ES,1584178218,87,43.27,-7.54,53.01,2.24
Souillac,75,MU,1584178218,83,-20.52,57.52,82.4,9.17
Cabo San Lucas,80,MX,1584178059,87,22.89,-109.91,66.99,11.54
Piteå,0,SE,1584178218,62,65.32,21.48,30.0,10.29
La Sarre,100,CA,1584178218,86,48.8,-79.2,12.18,15.37
Mahébourg,75,MU,1584178219,83,-20.41,57.7,82.4,9.17
Jardim,33,BR,1584178219,84,-21.48,-56.14,71.17,2.42
Kapaa,1,US,1584178219,88,22.08,-159.32,68.0,5.82
Airai,92,TL,1584178219,84,-8.93,125.41,73.36,3.62
Mendoza,75,AR,1584178219,49,-32.89,-68.83,73.4,21.92
Wajima,20,JP,1584178219,64,37.4,136.9,37.4,3.36
Turukhansk,100,RU,1584178219,97,65.82,87.98,32.85,17.11
Beyneu,85,KZ,1584178219,37,45.32,55.2,61.02,18.41
Rovaniemi,0,FI,1584178029,61,66.5,25.72,15.8,12.75
Shimoda,75,JP,1584178220,81,34.67,138.95,46.4,5.82
Atar,0,MR,1584178220,15,20.52,-13.05,69.8,4.7
Takanosu,75,JP,1584178220,89,40.22,140.37,37.4,1.12
Rognan,90,NO,1584178220,92,67.1,15.39,26.01,1.12
Santiago del Estero,100,AR,1584178220,43,-27.8,-64.26,81.97,8.1
Viedma,0,AR,1584178220,48,-40.81,-63.0,60.87,20.47
Vila Franca do Campo,20,PT,1584178220,81,37.72,-25.43,53.6,3.36
Kyrksæterøra,20,NO,1584178220,70,63.29,9.09,32.0,13.87
Bozova,75,TR,1584178220,100,37.36,38.53,53.6,13.87
Horqueta,32,PY,1584178221,73,-23.34,-57.06,76.53,4.12
Kroya,98,ID,1584178221,61,-7.63,109.25,87.91,4.21
Zunheboto,60,IN,1584178221,37,25.97,94.52,78.08,4.27
Catuday,32,PH,1584178221,79,16.29,119.81,80.58,20.02
Banyo,0,CM,1584178221,10,6.75,11.82,90.43,3.87
Águas Formosas,35,BR,1584178221,99,-17.08,-40.94,65.77,1.92
Pandamatenga,59,BW,1584178221,55,-18.53,25.63,82.44,7.11
Sapouy,0,BF,1584178221,24,11.55,-1.77,89.31,8.99
Beloha,47,MG,1584178221,31,-25.17,45.05,93.11,8.95
Turka,67,UA,1584178221,55,49.15,23.03,43.0,8.01
Faanui,88,PF,1584178222,79,-16.48,-151.75,83.37,15.43
Korem,39,ET,1584178222,56,12.51,39.52,69.37,9.75
Yumen,3,CN,1584178222,15,40.28,97.2,48.51,4.81
Havre-St-Pierre,90,CA,1584178223,85,50.23,-63.6,21.2,11.41
Hobart,75,AU,1584177955,58,-42.88,147.33,57.2,12.75
Umeå,0,SE,1584178223,58,63.83,20.26,27.0,13.87
Poceirão,0,PT,1584178223,87,38.83,-8.79,62.01,6.93
Leningradskiy,59,RU,1584178223,97,69.38,178.42,-4.58,7.76
Zachary,1,US,1584178224,93,30.65,-91.16,68.0,3.36
Hambantota,40,LK,1584178224,66,6.12,81.12,91.4,14.99
Pahlgām,100,IN,1584178224,97,34.03,75.33,22.17,5.26
Fairbanks,1,US,1584178163,91,64.84,-147.72,18.0,1.59
‘Ewa Beach,1,US,1584178224,73,21.32,-158.01,73.4,9.17
Tasiilaq,86,GL,1584178224,65,65.61,-37.64,5.0,1.88
Hong Kong,20,HK,1584178133,53,22.29,114.16,77.0,8.05
Longyearbyen,100,SJ,1584178224,95,78.22,15.64,-14.21,6.15
Nyurba,99,RU,1584178224,92,63.28,118.33,-0.38,6.96
Lebu,13,CL,1584178224,91,-37.62,-73.65,44.73,4.52
Antalaha,100,MG,1584178225,85,-14.9,50.28,79.74,41.32
Arkhangelsk,90,RU,1584178225,92,64.54,40.54,21.2,8.95
Sakakah,75,SA,1584178225,45,29.97,40.21,66.2,24.16
Panzhihua,0,CN,1584178225,22,26.59,101.71,80.85,4.36
Vestmannaeyjar,0,IS,1584178225,72,63.44,-20.27,27.03,25.57
Zephyrhills,1,US,1584178225,100,28.23,-82.18,68.0,4.79
Labuan,75,MY,1584178225,83,5.28,115.24,86.0,5.82
Tawao,20,MY,1584178225,70,4.25,117.89,86.0,6.93
Kiryat Gat,75,IL,1584178226,77,31.61,34.76,66.99,17.22
Mirabela,75,BR,1584178226,83,-16.26,-44.16,71.6,2.24
Yulara,0,AU,1584178226,15,-25.24,130.99,96.8,12.75
Igarka,100,RU,1584178226,97,67.47,86.58,33.19,19.75
Berlevåg,100,NO,1584178226,72,70.86,29.09,23.05,26.89
Ashquelon,75,IL,1584178226,77,31.67,34.57,66.99,17.22
Lavrentiya,100,RU,1584178226,97,65.58,-171.0,29.97,12.35
Mukdahan,40,TH,1584178226,37,16.58,104.5,98.6,4.7
Lompoc,90,US,1584178227,71,34.64,-120.46,55.99,3.36
Katobu,100,ID,1584178227,93,-4.94,122.53,76.53,4.85
George Town,20,MY,1584178227,59,5.41,100.34,93.2,6.93
Irituia,100,BR,1584178227,98,-1.77,-47.44,72.75,1.88
Shintomi,20,JP,1584178227,33,32.08,131.47,57.2,13.87
Shache,26,CN,1584178227,16,38.42,77.24,57.97,3.71
Jiujiang,0,CN,1584178227,42,29.73,115.98,60.3,2.93
Northam,75,GB,1584178227,100,51.03,-4.22,48.99,4.7
Pevek,100,RU,1584178227,98,69.7,170.31,-6.57,4.21
Cidreira,0,BR,1584178228,88,-30.18,-50.21,74.53,18.37
Rio Grande,66,BR,1584178031,94,-32.03,-52.1,72.0,1.99
Jamestown,1,US,1584177995,79,42.1,-79.24,34.0,10.29
Leh,100,IN,1584178228,47,34.17,77.58,20.77,5.37
Kochi,20,IN,1584178205,47,9.94,76.26,95.0,8.05
Chiman,40,PK,1584178228,56,32.55,73.81,68.0,4.7
Saýat,0,TM,1584178008,15,38.78,63.88,75.2,6.93
San Cristobal,96,VE,1584178228,97,7.77,-72.22,55.6,1.88
Srednekolymsk,87,RU,1584178228,90,67.45,153.68,-19.19,4.81
São Miguel do Araguaia,22,BR,1584178229,92,-13.28,-50.16,71.29,2.59
Raudeberg,100,NO,1584178230,64,61.99,5.14,36.0,25.28
Omboué,63,GA,1584178230,64,-1.57,9.26,89.22,2.86
Qiongshan,90,CN,1584178230,88,20.01,110.35,69.8,15.66
Palmeira das Missões,0,BR,1584178207,63,-27.9,-53.31,68.95,8.79
Yellowknife,40,CA,1584178230,75,62.46,-114.35,-18.99,10.29
Goderich,70,CA,1584178202,71,43.75,-81.72,33.01,8.99
Burgos,23,ES,1584178230,70,42.34,-3.71,51.01,8.05
Faya,20,SA,1584178230,49,18.39,42.45,68.0,23.04
Vilyuysk,99,RU,1584178230,94,63.76,121.62,-5.66,5.37
Miranda,75,CO,1584178231,94,3.25,-76.23,69.8,3.36
Cayenne,20,GF,1584178231,94,4.93,-52.33,73.4,2.24
Piaçabuçu,42,BR,1584178231,79,-10.41,-36.43,78.31,4.09
Nhulunbuy,96,AU,1584178231,74,-12.23,136.77,86.0,6.93
Shahr-e Bābak,99,IR,1584178231,13,30.12,55.12,69.66,16.58
Wiarton,90,CA,1584178231,80,44.74,-81.13,32.0,10.29
San Javier,40,ES,1584178231,88,37.81,-0.84,64.99,4.7
Oksovskiy,100,RU,1584178232,67,62.61,39.9,21.74,12.5
Tungor,25,RU,1584178232,93,53.38,142.96,-1.57,7.54
Yangi Marg`ilon,0,UZ,1584178232,23,40.43,71.72,64.4,4.7
Elko,1,US,1584178232,42,41.0,-115.5,48.2,16.11
Santa Cruz de la Sierra,20,BO,1584178232,88,-17.8,-63.17,77.0,2.24
Kavieng,79,PG,1584178232,76,-2.57,150.8,83.95,14.09
Port Blair,83,IN,1584178232,67,11.67,92.75,82.51,10.65
Torbay,90,CA,1584178232,86,47.67,-52.73,30.0,36.91
Cabra,90,ES,1584178233,100,37.47,-4.44,62.01,1.81
Pa Sang,35,TH,1584178233,24,18.53,98.94,105.01,5.82
Taoudenni,0,ML,1584178233,8,22.68,-3.98,80.15,8.5
Beringovskiy,62,RU,1584178233,73,63.05,179.32,11.39,2.75
Paragominas,100,BR,1584178233,99,-2.97,-47.48,72.18,2.95
Arys,0,KZ,1584178233,29,42.43,68.8,66.2,17.9
Mana,33,GF,1584178233,96,5.66,-53.78,72.14,2.59
Roald,75,NO,1584178234,64,62.58,6.13,35.6,17.22
São Francisco do Sul,40,BR,1584178234,82,-26.24,-48.64,68.0,7.54
Merauke,100,ID,1584178234,81,-8.47,140.33,80.8,5.7
Tuktoyaktuk,90,CA,1584178234,85,69.45,-133.04,21.2,32.21
Marawi,62,PH,1584178234,82,8.0,124.29,82.0,5.99
Tilichiki,100,RU,1584178234,93,60.47,166.1,26.19,24.38
Pathein,0,MM,1584178234,46,16.78,94.73,89.15,9.42
Sisimiut,100,GL,1584178234,97,66.94,-53.67,-5.35,6.67
Port Elizabeth,75,ZA,1584178119,73,-33.92,25.57,73.4,14.99
Muravlenko,100,RU,1584178234,99,63.79,74.52,34.2,20.58
Provideniya,96,RU,1584178235,97,64.38,-173.3,22.78,3.0
Ciudad Mante,100,MX,1584178235,89,22.73,-98.97,73.99,1.52
Mujiayingzi,0,CN,1584178235,37,42.12,118.78,37.18,24.67
Östersund,40,SE,1584178235,73,63.18,14.64,25.0,9.17
Praia,100,CV,1584178143,24,14.92,-23.51,78.8,11.41
Coyhaique,100,CL,1584178235,81,-45.58,-72.07,42.8,2.24
Galle,0,LK,1584178235,74,6.04,80.22,82.49,4.5
Taltal,82,CL,1584178235,93,-25.4,-70.48,58.95,1.97
Caravelas,0,BR,1584178236,74,-17.71,-39.25,80.04,5.12
Abnūb,7,EG,1584178162,48,27.27,31.15,66.2,17.22
Tocopilla,10,CL,1584178237,59,-22.09,-70.2,56.05,1.79
Hudson,1,US,1584178237,38,40.72,-74.07,46.4,10.29
Soc Trang,20,VN,1584178237,49,9.6,105.98,91.4,9.17
Ngawi,83,ID,1584178237,83,-7.4,111.45,83.8,4.09
Ostrovnoy,100,RU,1584178237,72,68.05,39.51,21.83,12.41
Shingū,75,JP,1584178237,76,33.73,135.98,50.0,14.99
Wanaka,31,NZ,1584178237,65,-44.7,169.15,46.11,6.93
Cockburn Town,0,TC,1584178206,76,21.46,-71.14,76.78,19.46
Biak,100,ID,1584178238,67,-0.91,122.88,86.09,5.91
Haridwar,8,IN,1584178238,41,29.97,78.17,75.51,7.72
Zhangye,6,CN,1584178238,8,38.93,100.45,55.17,5.61
Alofi,100,NU,1584178238,94,-19.06,-169.92,78.8,3.36
Māngrol,0,IN,1584178238,46,21.12,70.12,78.93,15.03
Lüderitz,0,NA,1584178238,50,-26.65,15.16,78.8,9.17
Porto Velho,20,BR,1584178238,94,-8.76,-63.9,77.0,2.24
Monze,17,ZM,1584178238,61,-16.28,27.48,77.5,6.06
Quzhou,13,CN,1584178239,60,28.96,118.87,61.3,3.69
Verkhnevilyuysk,99,RU,1584178239,92,63.45,120.32,-2.94,5.44
Seoul,40,KR,1584178098,44,37.57,126.98,48.2,13.87
Diego de Almagro,100,CL,1584178239,64,-26.37,-70.05,58.96,1.63
Hibbing,1,US,1584178012,72,47.43,-92.94,15.8,8.05
Bredasdorp,56,ZA,1584178239,29,-34.53,20.04,78.8,8.05
Mikhaylovsk,40,RU,1584178239,47,45.13,42.03,59.0,15.66
São José da Coroa Grande,85,BR,1584178239,70,-8.9,-35.15,82.09,8.97
Bull Savanna,2,JM,1584178239,92,17.89,-77.59,65.55,5.57
Taloqan,51,AF,1584178240,28,36.74,69.53,54.05,3.85
Pirovskoye,100,RU,1584178240,96,57.63,92.27,33.71,8.66
Havelock,1,US,1584178240,59,34.88,-76.9,62.6,9.17
Kununurra,0,AU,1584178240,52,-15.77,128.73,91.4,8.05
Bāsudebpur,0,IN,1584178240,34,21.14,86.74,93.29,5.5
Pangai,100,TO,1584178240,87,-19.8,-174.35,79.74,19.66
Pocking,20,DE,1584178240,65,48.4,13.32,46.0,3.36
Ulaangom,100,MN,1584178240,89,49.98,92.07,12.96,3.67
Lorengau,2,PG,1584178240,77,-2.02,147.27,84.31,13.76
Farah,13,AF,1584178241,12,32.5,62.5,70.34,1.92
Mossamedes,97,AO,1584178241,88,-15.2,12.15,71.6,5.82
Khatanga,100,RU,1584178241,93,71.97,102.5,14.67,10.31
Masunga,1,BW,1584178241,44,-20.62,27.45,83.68,3.2
Panguipulli,90,CL,1584178241,100,-39.63,-72.33,41.0,1.12
Loa Janan,100,ID,1584178241,84,-0.58,117.09,82.15,4.32
Honāvar,0,IN,1584178241,33,14.28,74.45,90.95,8.77
Koné,100,NC,1584178242,93,-21.06,164.87,75.22,3.71
Flin Flon,70,CA,1584178202,99,54.77,-101.86,-6.43,3.98
Oktyabr'skoye,100,RU,1584178242,42,43.06,44.74,62.6,6.71
Coquimbo,90,CL,1584178242,87,-29.95,-71.34,60.8,2.24
Saint-Joseph,90,RE,1584178242,74,-21.37,55.62,82.4,25.28
Bambous Virieux,75,MU,1584178242,83,-20.34,57.76,82.4,9.17
Aykhal,90,RU,1584178242,71,66.0,111.5,5.0,13.42
Nova Olímpia,58,BR,1584178243,98,-14.8,-57.29,71.71,1.83
Aksarka,100,RU,1584178244,94,66.56,67.8,16.59,20.98
Laguna,20,US,1584177969,76,38.42,-121.42,53.6,9.17
Fortuna,90,US,1584178244,100,40.6,-124.16,46.4,4.7
Bulgan,0,MN,1584178244,89,48.81,103.53,32.72,2.53
Steinbach am Taunus,75,DE,1584178244,80,50.17,8.57,46.0,2.84
Colac,63,AU,1584178244,85,-38.33,143.58,57.0,1.01
Amahai,100,ID,1584178244,79,-3.33,128.92,81.55,19.86
Bengkulu,98,ID,1584178244,77,-3.8,102.27,83.16,4.61
Nānākuli,90,US,1584178245,93,21.39,-158.15,73.4,5.82
Prabumulih,83,ID,1584178245,79,-3.45,104.25,86.43,3.33
Oddur,74,SO,1584178245,39,4.12,43.89,91.31,15.79
Nacala,74,MZ,1584178245,61,-14.54,40.67,87.53,6.67
Djambala,0,CG,1584178245,55,-2.54,14.75,84.67,3.6
Bāgepalli,27,IN,1584178245,23,13.78,77.79,87.8,5.82
Harper,0,LR,1584178245,82,4.38,-7.72,83.21,3.87
Gannan,100,CN,1584178245,90,47.91,123.5,26.85,9.62
Vostok,100,RU,1584178245,91,46.49,135.88,13.95,2.59
Kamaishi,75,JP,1584178246,55,39.27,141.88,39.2,2.24
Ketchikan,1,US,1584178246,42,55.34,-131.65,30.2,10.29
Province of Mantua,75,IT,1584178246,46,45.17,10.78,54.0,12.75
Ossora,100,RU,1584178246,95,59.24,163.07,30.72,36.19
Labuhan,59,ID,1584178246,76,-6.88,112.21,83.89,8.28
Hunedoara,97,RO,1584178246,48,45.75,22.9,44.33,4.16
Dharān,100,NP,1584178246,74,26.81,87.28,62.24,6.17
Tall Kayf,90,TR,1584178246,76,37.08,41.07,55.4,16.11
Dingle,100,PH,1584178247,66,11.0,122.67,82.62,8.95
Telde,20,ES,1584178247,63,27.99,-15.42,66.2,18.34
Luxor,0,EG,1584178247,46,25.7,32.64,71.6,11.41
Pochutla,0,MX,1584178247,85,15.74,-96.47,73.99,8.52
Kanniyākumāri,0,IN,1584178247,71,8.08,77.57,84.38,26.02
Camopi,65,GF,1584178247,99,3.17,-52.32,70.3,2.06
Manicoré,20,BR,1584178247,100,-5.81,-61.3,73.4,5.82
Umm Hājar,49,TD,1584178247,11,13.3,19.7,83.88,11.86
Lata,75,PT,1584178247,100,40.16,-8.33,59.0,4.7
Rioblanco,100,CO,1584178248,94,3.53,-75.68,66.67,5.3
Whitecourt,100,CA,1584178248,97,54.15,-115.69,-4.7,4.68
Ust-Kuyga,0,RU,1584178248,99,70.02,135.6,-24.9,5.48
Tizimín,12,MX,1584178016,98,21.15,-88.15,67.78,3.2
Durban,1,ZA,1584177961,78,-29.86,31.03,82.0,5.82
Altamira,100,BR,1584178248,99,-3.2,-52.21,72.88,1.72
Chaihe,94,CN,1584178248,75,44.77,129.7,24.71,5.28
Tshela,100,CD,1584178249,76,-4.98,12.93,84.09,1.77
Burnie,31,AU,1584178249,65,-41.07,145.92,55.0,5.01
Kokoda,100,PG,1584178249,96,-8.88,147.74,62.89,1.01
Port-Cartier,90,CA,1584178249,79,50.03,-66.87,21.2,8.05
Natal,75,BR,1584177986,94,-5.79,-35.21,75.2,5.82
Krasnosel'kup,100,RU,1584178249,98,65.7,82.47,33.82,23.31
Mashhad,42,IR,1584178249,24,36.3,59.61,66.2,6.93
Marabu,75,MY,1584178155,84,4.41,114.01,86.0,8.05
Batagay,49,RU,1584178249,92,67.63,134.63,-19.95,4.79
Deputatsky,0,RU,1584178250,90,69.3,139.9,-27.33,1.12
Cacoal,100,BR,1584178251,97,-11.44,-61.45,72.46,1.61
Madang,100,PG,1584178251,77,-5.22,145.8,83.62,23.11
Kismayo,100,SO,1584178251,69,-0.36,42.55,85.5,14.0
Aljezur,0,PT,1584178251,86,37.32,-8.8,62.01,9.42
Bagnols-sur-Cèze,2,FR,1584178079,50,44.16,4.62,55.0,18.34
Narsaq,12,GL,1584178251,78,60.92,-46.05,15.8,3.2
Dawson Creek,1,CA,1584178036,74,55.77,-120.24,-4.0,3.36
Kitgum,100,UG,1584178252,40,3.28,32.89,88.39,5.97
Farīdpur,40,BD,1584178252,43,23.6,89.83,91.4,11.41
Uvat,100,RU,1584178252,84,59.14,68.9,38.89,11.86
Los Llanos de Aridane,75,ES,1584178252,68,28.66,-17.92,66.2,14.99
Zhanakorgan,0,KZ,1584178252,36,43.91,67.25,58.14,13.09
Mporokoso,100,ZM,1584178252,96,-9.37,30.12,66.29,4.54
Rome,90,US,1584178252,59,43.21,-75.46,37.4,14.99
Saint-Pierre,90,RE,1584178252,74,-21.34,55.48,82.4,25.28
Hongjiang,31,CN,1584178253,55,27.11,110.0,63.16,3.6
Itarema,100,BR,1584178253,96,-2.92,-39.92,74.1,3.47
Upington,0,ZA,1584178203,39,-28.45,21.26,80.6,1.12
Ponta Delgada,20,PT,1584178253,81,37.73,-25.67,53.6,3.36
Pemangkat,66,ID,1584178253,85,1.17,108.97,81.55,11.88
Bogorodskoye,89,RU,1584178253,73,56.55,37.88,38.71,11.07
Albanel,90,CA,1584178253,63,48.88,-72.45,26.6,21.92
Veinticinco de Mayo,100,AR,1584178253,57,-35.43,-60.17,73.92,10.96
Batemans Bay,72,AU,1584178253,60,-35.72,150.18,59.0,5.01
Batagay-Alyta,0,RU,1584178254,91,67.8,130.41,-20.54,3.8
Ardabil,75,IR,1584178254,47,38.25,48.29,57.2,24.16
Ruy Barbosa,87,BR,1584178254,98,-12.28,-40.49,66.15,2.24
Basco,92,PH,1584178254,86,20.45,121.97,73.85,24.92
Misratah,83,LY,1584178254,51,32.38,15.09,66.2,9.01
Tomatlán,65,MX,1584178254,73,19.93,-105.25,64.04,1.39
Yatou,0,CN,1584178254,37,37.15,122.38,46.36,17.05
Hofn,100,IS,1584178254,60,64.25,-15.21,33.1,18.37
Kumul,1,CN,1584178254,13,42.8,93.45,50.13,8.48
Sola,90,VU,1584178255,94,-13.88,167.55,77.0,14.56
Tevaitoa,72,PF,1584178255,79,-16.78,-151.5,83.35,14.54
Sur,63,OM,1584178255,21,22.57,59.53,82.08,11.1
Lampazos de Naranjo,100,MX,1584178255,80,27.02,-100.52,71.49,5.82
Bairiki Village,40,KI,1584178255,88,1.33,172.98,80.6,2.24
Ada,90,US,1584178255,27,43.42,-116.13,51.8,12.75
Tashtagol,89,RU,1584178255,75,52.77,87.89,37.04,3.51
Carutapera,100,BR,1584178255,81,-1.2,-46.02,80.71,17.07
Bocas del Toro,65,PA,1584178255,68,9.33,-82.25,66.99,8.99
Port Hedland,0,AU,1584178256,59,-20.32,118.57,91.4,16.11
Chany,100,RU,1584178256,92,55.31,76.76,30.29,18.37
Abu Samrah,85,SY,1584178256,64,35.3,37.18,62.38,16.91
Khovd,13,MN,1584178247,39,48.01,91.64,36.05,3.33
Klaksvík,94,FO,1584178256,64,62.23,-6.59,39.2,13.87
Bonthe,0,SL,1584178256,73,7.53,-12.51,82.81,2.53
Zyryanka,0,RU,1584178256,86,65.75,150.85,-15.95,3.09
Meshcherino,40,RU,1584178257,45,55.2,38.36,46.4,8.95
São João da Barra,40,BR,1584178257,94,-21.64,-41.05,75.2,1.28
Sistranda,20,NO,1584178258,70,63.73,8.83,32.0,13.87
Huangmei,0,CN,1584178258,44,30.19,116.03,63.37,10.94
Bilma,0,NE,1584178258,16,18.69,12.92,73.65,3.96
Aktobe,100,KZ,1584178252,75,50.28,57.21,42.8,13.42
Saint-Honoré,90,CA,1584178258,86,48.53,-71.08,30.0,27.51
Elban,100,RU,1584178258,88,50.1,136.51,12.88,1.68
Leiva,100,CO,1584178258,97,1.93,-77.3,65.62,1.83
Codrington,82,AU,1584178258,70,-38.27,141.97,57.9,16.87
Darien,75,US,1584178171,55,41.75,-87.97,39.2,6.93
Uyuni,97,BO,1584178259,67,-20.46,-66.83,52.61,5.41
Wad Medani,56,SD,1584178259,12,14.4,33.52,87.08,14.81
Iranshahr,95,IR,1584178259,6,27.2,60.68,82.4,6.93
Acapulco de Juárez,20,MX,1584178259,83,16.86,-99.89,77.0,5.82
Concarneau,75,FR,1584178259,87,47.88,-3.92,53.01,11.41
Flinders,90,AU,1584178111,63,-34.58,150.86,64.0,12.75
Jieshi,74,CN,1584178259,74,22.81,115.83,73.0,13.65
Yerbogachën,100,RU,1584178259,93,61.28,108.01,20.68,10.11
Saldanha,5,ZA,1584178259,68,-33.01,17.94,68.0,4.7
Manta,75,EC,1584178260,94,-0.95,-80.73,75.2,3.36
Syracuse,96,IT,1584178260,30,37.09,15.28,73.0,11.41
Tabou,0,CI,1584178260,82,4.42,-7.35,83.21,3.87
Trofors,40,NO,1584178260,79,65.53,13.41,32.0,3.36
San Rafael,98,AR,1584178260,34,-34.62,-68.33,62.13,17.25
Udachny,90,RU,1584178260,71,66.42,112.4,5.0,13.42
Kaitangata,33,NZ,1584178260,86,-46.28,169.85,55.0,3.0
Luena,100,AO,1584178260,80,-11.78,19.92,71.01,6.67
Duluth,1,US,1584178019,67,46.78,-92.11,19.99,9.17
Ancud,7,CL,1584178261,100,-41.87,-73.82,46.4,4.76
Coahuayana Viejo,51,MX,1584178261,93,18.73,-103.68,69.17,1.97
Talnakh,90,RU,1584178261,94,69.49,88.4,32.0,22.37
Necochea,32,AR,1584178261,74,-38.55,-58.74,64.99,8.99
Xichang,30,CN,1584178261,43,27.9,102.26,59.11,8.66
Waingapu,77,ID,1584178261,68,-9.66,120.26,84.94,1.77
Canavieiras,61,BR,1584178261,95,-15.68,-38.95,72.36,4.56
Surovatikha,40,RU,1584178261,78,55.77,43.9,42.01,11.18
Grindavik,40,IS,1584178261,79,63.84,-22.43,26.6,12.75
Portland,90,US,1584177972,86,45.52,-122.68,37.99,4.7
Goundam,0,ML,1584178262,8,16.41,-3.67,87.08,5.44
St Helens,40,GB,1584178262,93,53.45,-2.73,48.99,13.87
Utevka,100,RU,1584178262,83,52.9,50.95,40.1,7.49
Glubokiy,100,RU,1584178262,82,48.52,40.33,41.99,11.74
Les Cayes,4,HT,1584178262,77,18.2,-73.75,78.04,6.04
Zaoyang,0,CN,1584178262,32,32.13,112.75,63.79,7.87
Emba,96,KZ,1584178262,100,48.83,58.14,35.58,9.26
Hobyo,98,SO,1584178262,58,5.35,48.53,87.82,18.07
Conde,75,BR,1584178263,94,-7.26,-34.91,75.2,3.36
Vaitape,88,PF,1584178263,79,-16.52,-151.75,83.37,15.43
Dhrāngadhra,0,IN,1584178263,12,22.98,71.47,87.87,9.22
Vardø,100,NO,1584178264,65,70.37,31.11,21.11,15.9
Los Andes,54,CL,1584178264,72,-32.83,-70.6,60.8,2.24
Havøysund,100,NO,1584178264,67,71.0,24.66,21.2,11.41
Port Hardy,5,CA,1584178264,52,50.7,-127.42,32.0,27.51
Yablochnyy,40,RU,1584178265,79,47.17,142.07,24.8,8.95
Santa Barbara,90,US,1584177967,81,34.42,-119.7,57.2,10.29
Popondetta,100,PG,1584178265,93,-8.75,148.25,75.11,1.41
Hurricane,90,US,1584178032,93,37.18,-113.29,50.0,2.06
Esso,39,RU,1584178265,91,55.93,158.7,5.2,7.0
Carora,0,VE,1584178265,92,10.18,-70.08,64.56,2.55
Spokane,90,US,1584178258,85,47.62,-117.37,21.0,21.92
Tual,95,ID,1584178266,79,-5.67,132.75,81.68,17.58
La Ronge,20,CA,1584178266,75,55.1,-105.28,-18.4,3.27
Rocha,0,UY,1584178266,71,-34.48,-54.33,70.57,12.53
Villa Constitución,0,AR,1584178266,78,-33.23,-60.33,82.0,6.93
Samarai,100,PG,1584178266,80,-10.62,150.67,78.84,5.3
Cukai,40,MY,1584177987,79,4.25,103.42,91.0,6.93
Sidrolândia,6,BR,1584178266,73,-20.93,-54.96,71.6,8.05
Mayo,1,US,1584178266,31,38.89,-76.51,50.0,11.41
Pangnirtung,32,CA,1584178266,96,66.15,-65.71,-31.54,2.01
Harrisburg,1,US,1584178267,38,40.27,-76.88,43.0,6.93
Morro da Fumaça,0,BR,1584178267,91,-28.65,-49.21,63.41,2.24
Bandarbeyla,15,SO,1584178267,77,9.49,50.81,79.56,10.18
Kaili,100,ID,1584178267,96,-3.46,120.21,63.25,2.75
Hulan Ergi,16,CN,1584178267,72,47.2,123.63,28.62,11.1
Chapais,90,CA,1584178267,79,49.78,-74.85,19.4,19.46
Buraidah,75,SA,1584177981,35,26.33,43.98,71.6,12.75
Polunochnoye,90,RU,1584178267,86,60.87,60.42,38.03,10.04
Najrān,1,SA,1584178267,13,17.49,44.13,91.4,6.93
Kalat,0,PK,1584178267,14,29.02,66.59,57.11,9.75
Nizhniy Kuranakh,100,RU,1584178267,91,58.84,125.49,-2.6,5.1
Tuatapere,100,NZ,1584178268,81,-46.13,167.68,57.99,4.0
Kachug,98,RU,1584178268,98,53.96,105.88,33.57,1.07
Turiaçu,100,BR,1584178268,95,-1.66,-45.37,74.97,5.26
Naze,40,JP,1584178268,58,28.37,129.48,62.6,16.11
Maykor,100,RU,1584178268,83,59.01,55.88,35.47,11.68
Sawākin,61,SD,1584178268,69,19.11,37.33,75.2,10.29
Mogadishu,20,SO,1584178257,62,2.04,45.34,87.8,18.34
Miyako,100,JP,1584178268,70,39.64,141.95,36.1,1.81
Ambilobe,100,MG,1584178269,72,-13.2,49.05,85.84,17.81
Selfoss,20,IS,1584178269,68,63.93,-21.0,26.6,11.41
Manjacaze,0,MZ,1584178269,38,-24.71,33.88,97.05,1.07
Kota Belud,20,MY,1584178269,70,6.35,116.43,87.01,4.7
Rancho Palos Verdes,90,US,1584178269,82,33.74,-118.39,57.99,9.42
Nishihara,75,JP,1584178269,63,26.18,127.76,62.6,26.4
Lagoa,100,PT,1584178269,75,39.05,-27.98,59.76,9.26
Numan,42,NG,1584178269,11,9.47,12.03,85.19,5.19
Olafsvik,51,IS,1584178269,67,64.89,-23.71,26.91,15.88
Homer,1,US,1584178098,79,59.64,-151.55,27.0,1.57
Huarmey,99,PE,1584178270,81,-10.07,-78.15,70.09,1.1
Poconé,0,BR,1584178271,88,-16.26,-56.62,74.39,2.15
Ganjām,0,IN,1584178271,38,19.38,85.07,90.75,12.26
Richards Bay,100,ZA,1584178271,79,-28.78,32.04,80.38,9.69
Saint-Augustin,100,CA,1584178271,93,51.23,-58.65,21.47,32.46
Gamba,67,GA,1584178271,68,-2.65,10.0,87.37,1.59
Kuzhithurai,20,IN,1584178271,59,8.32,77.18,89.6,9.17
Bariloche,38,AR,1584178271,74,-41.15,-71.31,35.6,6.4
Salinas,90,US,1584178200,87,36.68,-121.66,55.4,6.93
Batangafo,0,CF,1584178272,8,7.3,18.28,92.28,5.86
Iwaki,75,JP,1584178272,96,37.05,140.88,39.99,14.99
Jiuquan,46,CN,1584178272,27,39.74,98.52,39.25,5.82
Petropavl,90,KZ,1584178272,93,54.88,69.16,35.6,29.08
Ambon City,40,ID,1584178142,74,-3.7,128.18,82.4,5.82
Khani,90,GE,1584178272,93,41.96,42.96,55.4,2.24
Tazovsky,100,RU,1584178272,97,67.47,78.7,33.08,19.15
Kyabram,0,AU,1584178272,48,-36.32,145.05,60.01,21.99
Santa,87,PH,1584178272,53,17.49,120.43,84.11,11.83
Campbell River,40,CA,1584178272,33,50.02,-125.24,30.99,17.22
Ngunguru,0,NZ,1584178273,86,-35.62,174.5,61.0,5.99
Wawa,100,NG,1584178273,19,9.9,4.42,85.59,5.53
Bac Lieu,0,VN,1584178273,37,9.29,105.72,93.85,16.96
College,1,US,1584178273,91,64.86,-147.8,18.0,2.46
Port-de-Bouc,0,FR,1584178273,48,43.4,4.98,55.4,18.34
Kabo,0,CF,1584178273,8,7.7,18.63,92.28,5.86
Maracaçumé,100,BR,1584178273,98,-2.04,-45.96,72.68,3.56
Petauke,100,ZM,1584178273,74,-14.24,31.33,78.75,4.38
Yagodnoye,100,RU,1584178273,92,62.55,149.67,-12.82,3.89
Kabelvåg,75,NO,1584178273,79,68.21,14.48,30.99,9.17
Celestún,0,MX,1584178274,79,20.87,-90.4,74.82,21.77
Los Altos,90,US,1584178227,87,37.39,-122.11,53.01,6.93
Tigzirt,86,DZ,1584178274,84,36.89,4.12,60.53,5.48
Haines Junction,0,CA,1584178274,60,60.75,-137.51,6.33,3.69
Cassilândia,2,BR,1584178274,90,-19.11,-51.73,67.03,1.99
Oriximiná,100,BR,1584178274,93,-1.77,-55.87,75.97,4.23
Araouane,0,ML,1584178274,9,18.9,-3.53,82.0,5.75
Manāsa,0,IN,1584178274,16,24.48,75.27,80.56,7.23
Lakes Entrance,25,AU,1584178274,69,-37.88,147.98,54.0,6.93
Orahovac,75,XK,1584178274,43,42.4,20.65,53.01,16.11
Derzhavīnsk,97,KZ,1584178275,100,51.1,66.32,35.64,22.17
Maniitsoq,100,GL,1584178275,92,65.42,-52.9,6.46,7.2
Cogealac,10,RO,1584178275,46,44.55,28.57,55.4,12.75
Maningrida,86,AU,1584178275,75,-12.07,134.27,86.74,11.25
Vrangel',77,RU,1584178275,82,42.73,133.08,35.02,17.2
Ciudad Bolivar,83,VE,1584178275,78,8.12,-63.55,75.33,5.73
San Policarpo,0,PH,1584178275,70,12.18,125.51,80.58,7.11
Rawson,0,AR,1584178275,64,-43.3,-65.1,61.34,26.78
Avera,1,US,1584178275,92,33.19,-82.53,62.6,3.65
Opuwo,21,NA,1584178273,35,-18.06,13.84,83.84,11.99
Cururupu,100,BR,1584178276,99,-1.83,-44.87,73.22,1.59
Kaeo,0,NZ,1584178276,86,-35.1,173.78,61.0,5.99
Sakhnovshchyna,93,UA,1584178277,63,49.15,35.87,46.94,13.11
Neiafu,100,TO,1584178277,77,-18.65,-173.98,80.65,11.83
Christchurch,8,NZ,1584178209,82,-43.53,172.63,62.01,4.7
Florø,100,NO,1584178277,64,61.6,5.03,36.0,25.28
